ADHAR_NO,NAME,FATHER_NAME,GENDER,MOBILE_NO,EMAIL,ADDRESS,QUALIFICATION,JOB_PROFILE,DEPARTMENT,EMP_CATEGORY,JOIN_DATE,END_DATE,SALARY
107692229871,AGgy,Ambroise,Female,9249167871,mambroise3d@list-manB.Tech-AGe.com,21 Eggendart Circle,M.sc,Accounts,ACCOUNTS,Non Academic,7/5/2021,12/4/2021,49998
108595973979,Hally,Ropkins,Female,9089451925,hropkins3e@oaic.gov.au,69 Lerdahl Center,M.sc,Accounts,ACCOUNTS,Non Academic,5/16/2022,1/23/2022,47551
102016923902,Ellen,Player,Female,4141449567,eplayer3f@imgur.com,40459 Cherokee Crossing,M.sc,Accounts,ACCOUNTS,Non Academic,3/24/2022,2/3/2022,18826
106102951230,Barbra,Aulsford,Female,7759054352,baulsford3h@whitehouse.gov,421 Grayhawk Place,M.sc,Accounts,ACCOUNTS,Non Academic,9/11/2021,6/13/2021,10835
106947310491,Rey,Sweedland,Female,1797663303,rsweedland3j@archive.org,6088 Glacier Hill Court,M.sc,Accounts,ACCOUNTS,Non Academic,2/23/2022,1/5/2022,30628
104891687129,Hercules,Follet,Male,9331151284,hfollet3b@geocities.com,053 Scott Point,M.sc,Accounts,ACCOUNTS,Non Academic,10/22/2021,11/16/2021,39560
103841775588,Jarred,Heyfield,Male,2254364705,jheyfield3c@amazon.de,3 Columbus Place,M.sc,Accounts,ACCOUNTS,Non Academic,1/6/2022,1/11/2022,24049
110399421094,Saundra,Leverson,Male,5828105786,sleverson3i@ebay.com,0 Shopko Crossing,M.sc,Accounts,ACCOUNTS,Non Academic,4/21/2022,8/23/2021,41486
106908751303,Carleton,Pollett,Male,3466732210,cpollett3k@mediafire.com,2 Memorial Park,M.sc,Accounts,ACCOUNTS,Non Academic,11/24/2021,5/28/2021,35341
105366517249,Helen-elizabeth,Bowery,Male,1881306292,hbowery3g@census.gov,25479 Swallow Parkway,M.sc,Accounts,ACCOUNTS,Non Academic,2/8/2022,11/14/2021,36881
108410664910,Verina,Bastable,Female,8501270728,vbastable1d@accuweather.com,098 Buhler Avenue,M.Tech,Asst.Professor,B.Tech-AG,Academic,11/30/2021,9/8/2021,9205
105696417930,Anya,Loncaster,Female,9143139387,aloncaster1f@marriott.com,49532 Red Cloud Parkway,M.Tech,Asst.Professor,B.Tech-AG,Academic,11/1/2021,2/15/2022,46256
101130889625,Queenie,Nutt,Female,4985291111,qnutt1g@google.com.hk,499 Pond Point,M.Tech,Asst.Professor,B.Tech-AG,Academic,12/31/2021,4/6/2022,34123
105841493467,Roshelle,Corston,Female,2053059854,rcorston1i@dmoz.org,2039 Prairieview Avenue,M.Tech,Asst.Professor,B.Tech-AG,Academic,2/15/2022,3/31/2022,33459
100210025769,Anett,Kynder,Female,9231204769,akynder1l@exblog.jp,9 Shopko Point,M.Tech,Asst.Professor,B.Tech-AG,Academic,9/3/2021,1/19/2022,12574
107217128476,Roldan,Bengal,Male,7683692689,rbengal1e@google.pl,6 6th Circle,M.Tech,Asst.Professor,B.Tech-AG,Academic,9/28/2021,12/2/2021,44716
102670190133,Mattheus,Carcass,Male,8779695972,mcarcass1h@zdnet.com,8 School Crossing,M.Tech,Asst.Professor,B.Tech-AG,Academic,1/29/2022,1/24/2022,20778
101673404190,Franzen,Banaszkiewicz,Male,9997394580,fbanaszkiewicz1j@businessweek.com,975 Moulton Lane,M.Tech,Asst.Professor,B.Tech-AG,Academic,8/15/2021,10/31/2021,16762
105343039371,Regen,Cowderoy,Male,5013952202,rcowderoy1k@t.co,6293 Elka Junction,M.Tech,Asst.Professor,B.Tech-AG,Academic,11/21/2021,4/9/2022,21974
108680201377,Simona,Carlyon,Female,5159870845,scarlyon6j@privacy.gov.au,9 Fairfield Avenue,BA,Caaretakers,CARETAKERS,Non Academic,2/21/2022,4/22/2022,27935
102340038639,Kylila,Wadesworth,Female,1241387589,kwadesworth6l@networksolutions.com,67380 Anthes Crossing,BA,Caaretakers,CARETAKERS,Non Academic,6/10/2021,6/24/2021,38064
109115725965,Molly,Higford,Female,7455154162,mhigford6m@intel.com,7 Butternut Alley,BA,Caaretakers,CARETAKERS,Non Academic,12/9/2021,4/4/2022,26478
109072873578,Myranda,Elletson,Female,1147510938,melletson6o@forbes.com,9 Merry Lane,BA,Caaretakers,CARETAKERS,Non Academic,2/20/2022,1/5/2022,39872
103110599539,Drusie,Birdwhistle,Female,4523800718,dbirdwhistle6q@yandex.ru,63009 EB.Tech-AGle Crest Junction,BA,Caaretakers,CARETAKERS,Non Academic,10/24/2021,6/18/2021,24744
105889424254,Karilynn,Anger,Male,4311595410,kanger6u@zdnet.com,630 Tennessee Park,BA,Caaretakers,CARETAKERS,Non Academic,7/16/2021,6/27/2021,20428
104206851440,Ethelred,Bosward,Male,8567349666,ebosward6i@theguardian.com,008 6th Court,BA,Caaretakers,CARETAKERS,Non Academic,7/21/2021,1/1/2022,30649
109380295686,Dare,Epple,Male,3954240133,depple6k@skype.com,4515 Maryland Terrace,BA,Caaretakers,CARETAKERS,Non Academic,7/1/2021,8/14/2021,30807
101124454491,Kennedy,Kestian,Male,2114494751,kkestian6n@msn.com,20 Mendota Alley,BA,Caaretakers,CARETAKERS,Non Academic,9/30/2021,1/10/2022,49074
105547013395,Jamey,Hirthe,Male,6916126477,jhirthe6p@tripod.com,88258 Kennedy Junction,BA,Caaretakers,CARETAKERS,Non Academic,7/2/2021,3/11/2022,17907
103405120598,Rutger,Cuardall,Male,1547753474,rcuardall6r@sogou.com,300 Debs Center,BA,Caaretakers,CARETAKERS,Non Academic,12/11/2021,12/10/2021,35885
107193971660,Hurleigh,Zapater,Male,7852276642,hzapater6s@chronoengine.com,19 Waubesa Place,BA,Caaretakers,CARETAKERS,Non Academic,7/5/2021,6/14/2021,22181
111096544663,Reinwald,Meaddowcroft,Male,1352227091,rmeaddowcroft6t@devhub.com,23417 Cardinal Circle,BA,Caaretakers,CARETAKERS,Non Academic,8/26/2021,5/29/2021,30481
109882984033,Sibyl,Anney,Male,3804127361,sanney6v@earthlink.net,49 Reinke Terrace,BA,Caaretakers,CARETAKERS,Non Academic,3/5/2022,9/12/2021,14492
110163293237,Barty,Ruscoe,Male,8724765335,bruscoe6w@nature.com,24235 Ryan Center,BA,Caaretakers,CARETAKERS,Non Academic,2/19/2022,10/10/2021,33150
103197506780,Corbin,Bridgewater,Male,3848554124,cbridgewater6x@springer.com,461 Buena Vista Court,BA,Caaretakers,CARETAKERS,Non Academic,5/16/2022,11/29/2021,49821
103635839467,Gabriella,Cardenosa,Female,5986281654,gcardenosaj@fda.gov,3 Redwing Hill,M.Tech,Asst.Professor,B.Tech-CE,Academic,8/26/2021,10/7/2021,13570
108818407900,Rosa,Eliasen,Female,8155913751,reliasenk@ask.com,5773 Banding Park,M.Tech,Asst.Professor,B.Tech-CE,Academic,9/30/2021,9/10/2021,37300
105684697807,Shandee,Twitchings,Female,5505541668,stwitchingsm@instB.Tech-AGram.com,60786 Florence Lane,M.Tech,Asst.Professor,B.Tech-CE,Academic,8/2/2021,10/10/2021,15575
101935067598,Grazia,Corson,Female,1863580464,gcorsonp@clickbank.net,7282 Pennsylvania Way,M.Tech,Asst.Professor,B.Tech-CE,Academic,12/11/2021,10/26/2021,39362
104081373261,Dredi,IsaB.Tech-CSson,Female,3929659249,disaB.Tech-CSsonr@dropbox.com,2 Iowa Center,M.Tech,Asst.Professor,B.Tech-CE,Academic,8/12/2021,8/3/2021,42490
110807644696,Ephrayim,Hulburt,Male,1189607462,ehulburto@hostgator.com,84 Havey Way,M.Tech,Asst.Professor,B.Tech-CE,Academic,6/11/2021,7/3/2021,30600
110165193827,Glynn,Autry,Male,2487345349,gautryn@themeforest.net,53281 Del Sol Road,M.Tech,Asst.Professor,B.Tech-CE,Academic,12/8/2021,12/11/2021,47692
101599683072,Adrien,Rankcom,Male,9829752181,arankcomq@noaa.gov,252 Independence Place,M.Tech,Asst.Professor,B.Tech-CE,Academic,2/2/2022,1/25/2022,17873
109830585799,Ezechiel,Vacher,Male,2937063743,evachers@tinyurl.com,7151 Lakeland Center,M.Tech,Asst.Professor,B.Tech-CE,Academic,1/6/2022,2/7/2022,17289
109153846813,Fancy,Allderidge,Male,4191381982,fallderidgel@arizona.edu,5316 Jackson Way,M.Tech,Asst.Professor,B.Tech-CE,Academic,5/13/2022,8/28/2021,21116
104788994497,Joanie,Habergham,Female,5702997164,jhabergham0@timesonline.co.uk,924 Bobwhite Place,M.Tech,Asst.Professor,B.Tech-CS,Academic,12/10/2021,1/25/2022,44168
103115771633,Chad,Shambrook,Female,5312478298,B.Tech-CShambrook1@newyorker.com,7148 Crowley Park,M.Tech,Asst.Professor,B.Tech-CS,Academic,11/26/2021,12/16/2021,34940
105318421850,Ardelia,Jobson,Female,3413957253,ajobson6@naver.com,90885 Anzinger Alley,M.Tech,Asst.Professor,B.Tech-CS,Academic,8/2/2021,2/12/2022,33861
102298537187,Jacinthe,Warsop,Female,9078618695,jwarsop7@yelp.com,6 Butterfield Lane,M.Tech,Asst.Professor,B.Tech-CS,Academic,9/5/2021,7/9/2021,16526
101294147345,Diann,Mournian,Female,7254194385,dmournian8@tripod.com,23 Anniversary Crossing,M.Tech,Asst.Professor,B.Tech-CS,Academic,9/18/2021,10/29/2021,18519
101433948480,Adelaida,Lidington,Male,9974212797,alidington4@naver.com,6 Westridge Point,M.Tech,Asst.Professor,B.Tech-CS,Academic,11/23/2021,4/3/2022,10092
106155438022,Alric,Fernanando,Male,3251030361,afernanando2@edublogs.org,200 Haas Circle,M.Tech,Asst.Professor,B.Tech-CS,Academic,6/12/2021,7/23/2021,10786
105691712910,Alano,Riche,Male,8075077331,ariche3@who.int,5508 MB.Tech-AGdeline Parkway,M.Tech,Asst.Professor,B.Tech-CS,Academic,8/15/2021,10/1/2021,19693
108349708680,Georgie,Venour,Male,2082719852,gvenour5@reverbnation.com,242 East Center,M.Tech,Asst.Professor,B.Tech-CS,Academic,3/12/2022,9/16/2021,43755
103723263528,Sam,Ambrogioli,Female,7409903874,sambrogioli5r@toplist.cz,1145 Leroy Court,BA,Drivers,DRIVERS,Non Academic,10/11/2021,9/13/2021,18953
109889771798,Sharon,Skill,Female,5135957163,sskill5s@com.com,30915 Ludington Drive,BA,Drivers,DRIVERS,Non Academic,5/14/2022,2/18/2022,48602
109955259869,Marla,Sheldon,Female,2869762267,msheldon5t@ed.gov,35564 Manley Lane,BA,Drivers,DRIVERS,Non Academic,5/4/2022,2/17/2022,15984
110327718304,Silva,Luckcuck,Female,2096716733,sluckcuck5v@si.edu,7438 Packers Terrace,BA,Drivers,DRIVERS,Non Academic,9/20/2021,2/26/2022,30935
109567271538,Catherin,Dade,Female,1849394960,cdade60@theguardian.com,80 Kenwood Hill,BA,Drivers,DRIVERS,Non Academic,11/23/2021,9/25/2021,23977
101019805913,Nessa,Ellwood,Female,6683644370,nellwood62@miitbeian.gov.cn,830 Tomscot Hill,BA,Drivers,DRIVERS,Non Academic,1/22/2022,12/15/2021,24606
108269341855,Cloe,AGby,Female,9306421262,cbB.Tech-AGby63@plala.or.jp,3 Carpenter Junction,BA,Drivers,DRIVERS,Non Academic,5/26/2021,3/10/2022,40250
105633976411,Janeva,Verma,Female,3855228016,jverma66@bandcamp.com,39222 Mariners Cove Drive,BA,Drivers,DRIVERS,Non Academic,3/23/2022,8/25/2021,23638
105782016467,Astrix,Bandt,Female,8634049769,abandt68@baidu.com,3 Kropf Road,BA,Drivers,DRIVERS,Non Academic,12/11/2021,8/18/2021,15607
100121238409,Jacki,Croxton,Female,1837561861,jcroxton6c@businessinsider.com,8776 Summit Lane,BA,Drivers,DRIVERS,Non Academic,12/16/2021,2/27/2022,27105
102790236883,Meyer,Hardey,Male,6839277446,mhardey6d@bluehost.com,2 Bashford Avenue,BA,Drivers,DRIVERS,Non Academic,5/28/2021,10/26/2021,22267
105117644711,Aviva,Heaslip,Male,8399829030,aheaslip6g@tripod.com,8584 Blackbird Center,BA,Drivers,DRIVERS,Non Academic,3/21/2022,12/31/2021,37587
106154753642,Devin,Stuckley,Male,2938670585,dstuckley5o@nymB.Tech-AG.com,38 Petterle Hill,BA,Drivers,DRIVERS,Non Academic,3/28/2022,4/12/2022,36266
102648030649,Alan,Eggle,Male,5284013155,aeggle5p@sbwire.com,55 Stang Way,BA,Drivers,DRIVERS,Non Academic,7/3/2021,9/26/2021,18627
109004154105,Dante,Huckerbe,Male,5139544089,dhuckerbe5q@noaa.gov,847 Artisan Pass,BA,Drivers,DRIVERS,Non Academic,12/10/2021,2/14/2022,37365
106092405795,Hoyt,Buessen,Male,2894734772,hbuessen5u@addthis.com,3580 Lunder Street,BA,Drivers,DRIVERS,Non Academic,5/28/2021,1/23/2022,23332
106256780350,Teddy,Somerton,Male,4774287225,tsomerton5x@reddit.com,0 Golf Course Lane,BA,Drivers,DRIVERS,Non Academic,5/24/2022,7/10/2021,42569
100146718212,Paul,Buckler,Male,6823842853,pbuckler5y@1688.com,055 Gina Park,BA,Drivers,DRIVERS,Non Academic,11/5/2021,12/25/2021,47709
106322566459,Colan,Oloshin,Male,5876921633,coloshin5z@shareasale.com,44395 Harper Junction,BA,Drivers,DRIVERS,Non Academic,11/24/2021,10/26/2021,36301
103692934047,Goraud,Wasmer,Male,8715393065,gwasmer61@washingtonpost.com,6 Dwight Parkway,BA,Drivers,DRIVERS,Non Academic,6/19/2021,9/24/2021,42839
102766201390,Byron,Defond,Male,7735080642,bdefond64@hp.com,0 Lakewood Park,BA,Drivers,DRIVERS,Non Academic,9/26/2021,4/21/2022,18494
109085648742,Verge,Spon,Male,8706193321,vspon65@domainmarket.com,6 Charing Cross Drive,BA,Drivers,DRIVERS,Non Academic,3/6/2022,12/28/2021,10472
107415670746,Anders,Najera,Male,2799350998,anajera67@xrea.com,7 Delaware Place,BA,Drivers,DRIVERS,Non Academic,9/13/2021,7/1/2021,9223
100147740059,Cale,Simionescu,Male,7757674819,B.Tech-CSimionescu69@phoca.cz,2934 Mosinee Circle,BA,Drivers,DRIVERS,Non Academic,7/19/2021,8/4/2021,44491
104296819058,Talbot,Bresson,Male,4027472756,tbresson6a@ucoz.ru,6 Crescent Oaks Parkway,BA,Drivers,DRIVERS,Non Academic,7/11/2021,6/9/2021,29733
101886714898,Forster,Stoven,Male,1914111785,fstoven6b@ox.ac.uk,03322 Comanche Parkway,BA,Drivers,DRIVERS,Non Academic,7/30/2021,2/16/2022,17272
105268811516,Damon,Poxton,Male,9979653009,dpoxton6e@usatoday.com,69118 Hovde Crossing,BA,Drivers,DRIVERS,Non Academic,11/11/2021,7/7/2021,36215
103638472021,Ode,Glisane,Male,6127092260,oglisane6f@mayoclinic.com,140 Morningstar Alley,BA,Drivers,DRIVERS,Non Academic,8/16/2021,5/5/2022,45618
104935947924,Buck,Rebeiro,Male,7724083433,brebeiro6h@dropbox.com,67 Westerfield Hill,BA,Drivers,DRIVERS,Non Academic,2/16/2022,2/15/2022,10641
101180997425,Larina,Fesby,Male,2394946112,lfesby5w@myspace.com,4 Clemons Trail,BA,Drivers,DRIVERS,Non Academic,9/29/2021,2/9/2022,11471
106389488665,Constantine,Pesselt,Female,9316140801,cpesseltv@freewebs.com,39 Utah Road,M.Tech,Asst.Professor,B.Tech-EN,Academic,9/7/2021,3/18/2022,16818
100765537565,Misti,Ridel,Female,9989877938,mridely@wikia.com,4422 American Place,M.Tech,Asst.Professor,B.Tech-EN,Academic,4/9/2022,1/27/2022,21795
102239741510,Merla,Casbolt,Female,9122369070,mcasboltz@nih.gov,1462 Oxford Way,M.Tech,Asst.Professor,B.Tech-EN,Academic,8/1/2021,1/15/2022,16715
110416946011,Maren,Blind,Female,6348557014,mblind10@house.gov,0262 Eastlawn Parkway,M.Tech,Asst.Professor,B.Tech-EN,Academic,4/17/2022,3/16/2022,48687
100792787828,Darcie,Irwin,Female,3381740427,dirwin11@hao123.com,2 Manitowish Park,M.Tech,Asst.Professor,B.Tech-EN,Academic,2/27/2022,7/2/2021,12568
103143038209,Melicent,Lubeck,Female,2129348800,mlubeck12@usa.gov,49 Bultman Trail,M.Tech,Asst.Professor,B.Tech-EN,Academic,7/21/2021,10/29/2021,8463
102013796541,Benji,Lauga,Male,5136310552,blaugaw@cisco.com,680 Schurz Point,M.Tech,Asst.Professor,B.Tech-EN,Academic,3/10/2022,5/14/2022,22414
103346805083,Jean,Sturzaker,Male,5138187085,jsturzakert@odnoklassniki.ru,462 Holy Cross Point,M.Tech,Asst.Professor,B.Tech-EN,Academic,1/5/2022,6/15/2021,12039
110407671258,Dame,Gero,Male,5417664212,dgerou@ning.com,0 Debs Place,M.Tech,Asst.Professor,B.Tech-EN,Academic,3/17/2022,10/15/2021,14779
100844962783,Monti,MacAlpyne,Male,7574884278,mmacalpynex@kickstarter.com,2433 Hansons Center,M.Tech,Asst.Professor,B.Tech-EN,Academic,9/12/2021,4/2/2022,47258
103876663786,Denny,Pendrigh,Female,8351200241,dpendrigh59@narod.ru,2570 Memorial Park,B.sc,Gate Keepers,GATEKEEPERS,Non Academic,12/17/2021,11/9/2021,20152
106451719065,Giuditta,Luker,Female,9194510620,gluker5b@google.com.br,735 Oakridge Crossing,B.sc,Gate Keepers,GATEKEEPERS,Non Academic,4/16/2022,5/22/2022,39660
100376544323,Rosabel,Varden,Female,9592189534,rvarden5c@stanford.edu,15 Annamark Park,B.sc,Gate Keepers,GATEKEEPERS,Non Academic,9/18/2021,1/15/2022,47854
102982323199,Blanch,Spiers,Female,6105296851,bspiers5d@yahoo.com,54 Petterle Parkway,B.sc,Gate Keepers,GATEKEEPERS,Non Academic,4/25/2022,10/22/2021,28238
110634623016,Shaylyn,Phizackerly,Female,6111992021,sphizackerly5g@europa.eu,5 Elka Court,B.sc,Gate Keepers,GATEKEEPERS,Non Academic,8/11/2021,5/1/2022,27481
107995054054,Kathie,Musprat,Female,2032521724,kmusprat5m@surveymonkey.com,9414 Shelley Street,BA,Gate Keepers,GATEKEEPERS,Non Academic,2/12/2022,9/16/2021,36922
105538142567,Daile,Bellefant,Male,3075206611,dbellefant5i@360.cn,8341 Atwood Center,B.sc,Gate Keepers,GATEKEEPERS,Non Academic,3/3/2022,5/17/2022,27221
106752578543,Othello,Brodhead,Male,5226881750,obrodhead5a@sina.com.cn,30687 4th Park,B.sc,Gate Keepers,GATEKEEPERS,Non Academic,11/17/2021,9/30/2021,26185
102276772453,Sander,Prudence,Male,5736743807,sprudence5e@webmd.com,75 Nova Plaza,B.sc,Gate Keepers,GATEKEEPERS,Non Academic,8/29/2021,11/18/2021,12590
103661384324,Omar,Baudy,Male,5043025941,obaudy5h@noaa.gov,261 Green Ridge Street,B.sc,Gate Keepers,GATEKEEPERS,Non Academic,7/18/2021,3/29/2022,15754
105320441773,Hammad,Hember,Male,1982997696,hhember5j@163.com,98487 Debra Parkway,BA,Gate Keepers,GATEKEEPERS,Non Academic,4/8/2022,8/18/2021,32694
101758879201,Marv,Stonebanks,Male,5481937813,mstonebanks5k@mit.edu,3 Kropf Circle,BA,Gate Keepers,GATEKEEPERS,Non Academic,12/28/2021,4/7/2022,36377
101293558130,Leonhard,Gerling,Male,2223178158,lgerling5l@dell.com,74 Tomscot Pass,BA,Gate Keepers,GATEKEEPERS,Non Academic,7/18/2021,5/18/2022,42684
107531866476,Morton,Breach,Male,4288784460,mbreach5n@alexa.com,9211 Randy Way,BA,Gate Keepers,GATEKEEPERS,Non Academic,9/14/2021,4/14/2022,46127
102877991629,Christiano,Adran,Male,2422438094,cadran5f@t.co,42463 David Trail,B.sc,Gate Keepers,GATEKEEPERS,Non Academic,7/27/2021,6/15/2021,34199
102834903568,Corissa,Mariyushkin,Female,6464820161,cmariyushkin14@de.vu,2826 Blackbird Hill,M.Tech,Asst.Professor,B.Tech-EC,Academic,1/19/2022,11/30/2021,24732
106314652063,Tamra,Pryn,Female,2173025177,tpryn16@intel.com,8714 Parkside Terrace,M.Tech,Asst.Professor,B.Tech-EC,Academic,2/14/2022,6/17/2021,47024
109900552785,Audry,Alldread,Female,1489624223,aalldread19@pen.io,763 Washington Avenue,M.Tech,Asst.Professor,B.Tech-EC,Academic,8/19/2021,11/30/2021,10135
109395012291,Trescha,Aynsley,Male,3394331781,taynsley15@vk.com,28561 Anhalt Way,M.Tech,Asst.Professor,B.Tech-EC,Academic,1/15/2022,6/27/2021,17929
103046591526,Costa,Mapis,Male,3581692021,cmapis13@washingtonpost.com,08250 Oriole Circle,M.Tech,Asst.Professor,B.Tech-EC,Academic,3/16/2022,5/16/2022,24782
102093120611,Bartlett,Sives,Male,2941843077,bsives17@npr.org,914 Scofield Trail,M.Tech,Asst.Professor,B.Tech-EC,Academic,9/21/2021,8/14/2021,8254
103692639582,Fergus,Liversidge,Male,6615862828,fliversidge18@google.com.br,647 Eliot Plaza,M.Tech,Asst.Professor,B.Tech-EC,Academic,8/8/2021,6/16/2021,42067
102849990446,Saleem,Pauncefort,Male,1666032590,spauncefort1a@skype.com,794 Bartillon Plaza,M.Tech,Asst.Professor,B.Tech-EC,Academic,12/15/2021,9/15/2021,10980
107377588315,Gregoor,Prandy,Male,5401944568,gprandy1b@apple.com,1701 Straubel Alley,M.Tech,Asst.Professor,B.Tech-EC,Academic,4/10/2022,2/22/2022,34477
107984351065,Gearard,Chinge,Male,1544657588,gchinge1c@census.gov,61 Maple Wood Plaza,M.Tech,Asst.Professor,B.Tech-EC,Academic,12/19/2021,10/6/2021,25625
110195262916,Anthiathia,Dunnet,Female,5242493026,adunnet46@kickstarter.com,859 Mendota Pass,M.sc,Librarian,LIBRARIAN,Non Academic,11/4/2021,10/21/2021,23141
109394201763,Virgie,Lea,Female,4286510811,vlea47@google.it,334 Thompson Way,M.sc,Librarian,LIBRARIAN,Non Academic,12/10/2021,10/4/2021,13275
105160303273,Cookie,Kenwell,Female,6881311662,ckenwell48@google.es,5914 Lyons Parkway,M.sc,Librarian,LIBRARIAN,Non Academic,6/16/2021,6/26/2021,24899
109831945843,Rachele,Otton,Female,7583847809,rotton49@hc360.com,9 Muir Park,M.sc,Librarian,LIBRARIAN,Non Academic,4/21/2022,5/9/2022,20046
103735843929,Corrina,Zienkiewicz,Female,8523488644,czienkiewicz4a@chronoengine.com,7204 Saint Paul Lane,M.sc,Librarian,LIBRARIAN,Non Academic,9/8/2021,12/31/2021,36178
108486983972,Wright,Birtles,Male,8964414858,wbirtles45@cmu.edu,1681 Sullivan Avenue,M.sc,Librarian,LIBRARIAN,Non Academic,1/24/2022,2/10/2022,13562
102416167929,Feodor,Fritschel,Male,8832860825,ffritschel4b@blinklist.com,88 Gulseth Place,M.sc,Librarian,LIBRARIAN,Non Academic,3/10/2022,4/15/2022,18910
108806403183,Olly,Geertz,Male,7539825140,ogeertz4c@alexa.com,3 Stoughton Lane,M.sc,Librarian,LIBRARIAN,Non Academic,1/27/2022,3/20/2022,32409
103860500875,Dana,Atwell,Male,3005288311,datwell4d@t.co,77038 Del Mar Pass,M.sc,Librarian,LIBRARIAN,Non Academic,7/15/2021,12/23/2021,40585
101682434397,Porty,Lechelle,Male,3919957791,plechelle4e@yahoo.co.jp,1330 Killdeer Avenue,M.sc,Librarian,LIBRARIAN,Non Academic,10/31/2021,10/6/2021,18357
100161738345,Brana,Coltart,Female,6427948664,bcoltartd@comsenz.com,9199 Ludington Alley,M.Tech,Asst.Professor,B.Tech-ME,Academic,6/19/2021,1/30/2022,9383
101165631575,Sonia,Salerg,Female,2609783676,ssalergg@yahoo.com,835 Florence Way,M.Tech,Asst.Professor,B.Tech-ME,Academic,5/27/2021,9/16/2021,47708
110363773983,Oliviero,Grayling,Male,2848039379,ograyling9@spotify.com,071 Del Sol Drive,M.Tech,Asst.Professor,B.Tech-ME,Academic,3/17/2022,6/24/2021,12219
109441529938,Fletch,Crayker,Male,3323581744,fcraykera@statcounter.com,7094 Blue Bill Park Road,M.Tech,Asst.Professor,B.Tech-ME,Academic,11/27/2021,3/13/2022,36018
108394520042,Dewitt,Antonacci,Male,3699579274,dantonaccib@alexa.com,7339 Autumn Leaf Hill,M.Tech,Asst.Professor,B.Tech-ME,Academic,4/21/2022,9/14/2021,10447
104359483814,Byrom,Ughi,Male,5315515005,bughic@e-recht24.de,3893 Granby Street,M.Tech,Asst.Professor,B.Tech-ME,Academic,3/4/2022,7/8/2021,25349
108591516181,Vaughn,Funcheon,Male,6597855676,vfuncheone@cargocollective.com,8459 Birchwood Center,M.Tech,Asst.Professor,B.Tech-ME,Academic,10/31/2021,2/16/2022,23642
104910512658,Park,Vasiliu,Male,4088064309,pvasiliuf@tripod.com,9849 Summit Alley,M.Tech,Asst.Professor,B.Tech-ME,Academic,1/8/2022,5/20/2022,23688
108649397726,Nils,Glenny,Male,4444469615,nglennyh@goo.ne.jp,8 Menomonie Junction,M.Tech,Asst.Professor,B.Tech-ME,Academic,7/22/2021,6/25/2021,41524
108202966800,Ingemar,Ibell,Male,1564244670,iibelli@usda.gov,6197 Almo Court,M.Tech,Asst.Professor,B.Tech-ME,Academic,5/2/2022,1/19/2022,10115
103280362965,Anallese,Hryniewicz,Female,5526834389,ahryniewicz50@europa.eu,995 Burrows Road,B.sc,Mess Incharge,MESS,Non Academic,4/3/2022,5/24/2022,18256
103594720804,Mommy,Moxham,Female,6338919000,mmoxham52@goo.ne.jp,9286 Arkansas Place,B.sc,Mess Incharge,MESS,Non Academic,11/29/2021,2/2/2022,28169
109184102061,Cloris,Boughtwood,Female,6759807962,cboughtwood57@creativecommons.org,50694 Dottie Crossing,B.sc,Mess Incharge,MESS,Non Academic,6/3/2021,1/24/2022,46038
103163332235,Delphine,Inde,Female,4688327403,dinde58@answers.com,69 Mcbride Center,B.sc,Mess Incharge,MESS,Non Academic,8/2/2021,2/14/2022,43981
105020335599,Silvester,Wilcocke,Male,2462057827,swilcocke4z@cloudflare.com,943 Stone Corner Crossing,B.sc,Mess Incharge,MESS,Non Academic,7/29/2021,8/26/2021,23327
100724190227,Reinhold,Librey,Male,9356978898,rlibrey51@networkadvertising.org,4 Fairview Avenue,B.sc,Mess Incharge,MESS,Non Academic,8/3/2021,7/2/2021,42882
109667334727,Frederik,Gowthorpe,Male,6934495031,fgowthorpe53@sfgate.com,60 Montana Circle,B.sc,Mess Incharge,MESS,Non Academic,12/4/2021,9/4/2021,35664
102060350267,Nevin,BB.Tech-AGehot,Male,4356267472,nbB.Tech-AGehot54@pinterest.com,8883 Judy Street,B.sc,Mess Incharge,MESS,Non Academic,3/3/2022,3/25/2022,13814
110592621722,Rob,Thurbon,Male,2599775007,rthurbon55@java.com,39 Lukken Hill,B.sc,Mess Incharge,MESS,Non Academic,8/4/2021,1/29/2022,48359
110735529057,Darwin,Olech,Male,8533304613,dolech56@i2i.jp,19 Kim Avenue,B.sc,Mess Incharge,MESS,Non Academic,12/16/2021,10/20/2021,22496
105439240773,Joceline,Mibourne,Female,4509428433,jmibourne3v@sogou.com,1132 Fulton Plaza,M.sc,Reception,RECEPTION,Non Academic,12/7/2021,12/8/2021,10858
109677580002,Sosanna,Loghan,Female,1547088447,sloghan3x@comsenz.com,108 Drewry Street,M.sc,Reception,RECEPTION,Non Academic,9/14/2021,11/23/2021,49752
104727079373,Marney,Harkus,Female,3961846290,mharkus3y@bandcamp.com,5 Fairview Plaza,M.sc,Reception,RECEPTION,Non Academic,10/26/2021,8/10/2021,37206
109390825659,Sonja,SeB.Tech-AGrove,Female,7503500313,sseB.Tech-AGrove42@businesswire.com,30289 Mosinee Way,M.sc,Reception,RECEPTION,Non Academic,7/8/2021,7/26/2021,28559
105329400852,Marie,Wroth,Female,5456573056,mwroth44@nps.gov,6 Ruskin Way,M.sc,Reception,RECEPTION,Non Academic,6/23/2021,9/5/2021,14684
104368655740,GB.Tech-AGe,Murney,Male,7782763841,gmurney3w@npr.org,00 Calypso Lane,M.sc,Reception,RECEPTION,Non Academic,2/18/2022,12/15/2021,40314
107264620964,Calvin,Tunn,Male,8578164500,ctunn3z@earthlink.net,65390 Clyde GallB.Tech-AGher Place,M.sc,Reception,RECEPTION,Non Academic,10/3/2021,7/24/2021,18649
107455052320,Whitaker,Corre,Male,8004499854,wcorre40@yelp.com,27 Towne Center,M.sc,Reception,RECEPTION,Non Academic,8/21/2021,4/24/2022,30276
108569736571,Allan,Tuite,Male,7996039405,atuite41@wired.com,9 Cardinal Crossing,M.sc,Reception,RECEPTION,Non Academic,4/1/2022,5/8/2022,40652
100006351362,Felipe,Zieme,Male,9403774309,fzieme43@vk.com,0386 Emmet Parkway,M.sc,Reception,RECEPTION,Non Academic,1/10/2022,11/20/2021,19639
103065619948,Jane,Kohter,Female,3675660715,jkohter3l@comcast.net,3 Lunder Trail,M.sc,Registar,REGISTAR,Non Academic,1/20/2022,12/1/2021,15364
104122846290,Juanita,Langabeer,Female,9915097509,jlangabeer3o@mediafire.com,5639 Bobwhite Park,M.sc,Registar,REGISTAR,Non Academic,12/29/2021,6/24/2021,23648
102967023750,Erna,Iannetti,Female,8044505224,eiannetti3r@unblog.fr,34315 North Court,M.sc,Registar,REGISTAR,Non Academic,11/13/2021,8/17/2021,38505
109790133552,Sandye,Linggard,Female,1699712581,slinggard3u@woothemes.com,2 Gulseth Park,M.sc,Registar,REGISTAR,Non Academic,10/14/2021,6/18/2021,14531
110905100355,Morey,Lardeux,Male,1462986414,mlardeux3m@wordpress.com,722 Kropf Way,M.sc,Registar,REGISTAR,Non Academic,8/24/2021,5/8/2022,16171
109889594421,Morton,Kynson,Male,1547514313,mkynson3n@telegraph.co.uk,69 Kipling Hill,M.sc,Registar,REGISTAR,Non Academic,2/8/2022,2/12/2022,48744
101064375628,Cortie,Blumfield,Male,9515576728,cblumfield3p@ed.gov,49 Bobwhite Circle,M.sc,Registar,REGISTAR,Non Academic,1/20/2022,3/15/2022,11983
106923829925,Rolando,O'Brian,Male,3065903207,robrian3q@senate.gov,39 Glendale Terrace,M.sc,Registar,REGISTAR,Non Academic,9/24/2021,2/22/2022,41671
103624752934,Mendel,McCue,Male,1198792951,mmccue3s@npr.org,7875 Fairfield Hill,M.sc,Registar,REGISTAR,Non Academic,11/9/2021,1/8/2022,22167
104719713401,Lindon,Wetwood,Male,7335223942,lwetwood3t@blogs.com,967 Arizona Trail,M.sc,Registar,REGISTAR,Non Academic,8/22/2021,12/4/2021,13167
102032366093,Eyde,Annice,Female,5585129281,eannice4p@reddit.com,46 Scoville Parkway,B.sc,Sports Teacher,SPORTS,Non Academic,5/2/2022,5/26/2021,33579
106550854004,Marita,Mullinger,Female,8077924052,mmullinger4t@dyndns.org,7131 Morrow Circle,B.sc,Sports Teacher,SPORTS,Non Academic,2/21/2022,12/28/2021,38999
107668806645,Rosana,Ivory,Female,2574795683,rivory4w@google.cn,33375 Stone Corner Plaza,B.sc,Sports Teacher,SPORTS,Non Academic,7/24/2021,8/22/2021,22605
107187756476,Tommi,Roggerone,Male,6501920091,troggerone4x@netscape.com,720 Old Gate Center,B.sc,Sports Teacher,SPORTS,Non Academic,4/24/2022,1/23/2022,44759
105975947828,Cleavland,Kiddy,Male,8477778772,ckiddy4q@addtoany.com,0 Surrey Point,B.sc,Sports Teacher,SPORTS,Non Academic,9/21/2021,11/13/2021,39966
100815327433,Marv,McCrackan,Male,4527224926,mmccrackan4r@clickbank.net,15767 Esker Junction,B.sc,Sports Teacher,SPORTS,Non Academic,6/22/2021,6/26/2021,33908
101606571988,Lew,Ironmonger,Male,8406428207,lironmonger4s@newsvine.com,5772 Gateway Point,B.sc,Sports Teacher,SPORTS,Non Academic,7/9/2021,3/29/2022,46879
102436016416,Kevan,Vowells,Male,4531578626,kvowells4u@theglobeandmail.com,867 Cambridge Point,B.sc,Sports Teacher,SPORTS,Non Academic,8/30/2021,1/30/2022,46351
108021309211,Alexandre,Pinxton,Male,3359183076,apinxton4v@theglobeandmail.com,6983 Westridge Junction,B.sc,Sports Teacher,SPORTS,Non Academic,9/14/2021,3/27/2022,36516
108777422360,Efrem,Leabeater,Male,3992422548,eleabeater4y@va.gov,61 Arizona Pass,B.sc,Sports Teacher,SPORTS,Non Academic,7/14/2021,2/24/2022,16456
110747052619,Tobye,Waistell,Female,7594447919,twaistell4f@imgur.com,270 Westport Circle,B.sc,Boys Warden,WARDEN,Non Academic,2/10/2022,10/19/2021,9171
110453374926,Margo,Clapperton,Female,6469501595,mclapperton4g@ask.com,96275 Bay Way,B.sc,Boys Warden,WARDEN,Non Academic,3/6/2022,11/13/2021,45889
106718462344,Rebe,Benech,Female,5806871542,rbenech4h@livejournal.com,911 Riverside Terrace,B.sc,Boys Warden,WARDEN,Non Academic,10/13/2021,2/6/2022,16069
108355022353,Anabelle,Luisetti,Female,2558080979,aluisetti4j@elegantthemes.com,25522 Westend Terrace,B.sc,Boys Warden,WARDEN,Non Academic,8/30/2021,10/12/2021,21467
100090562051,Antonella,Wardell,Female,9078791491,awardell4k@ihg.com,9 Jackson Terrace,B.sc,Girls Warden,WARDEN,Non Academic,4/10/2022,8/6/2021,38051
105109957220,Danette,Schaumaker,Female,7992869072,dschaumaker4l@deviantart.com,14 6th Alley,B.sc,Girls Warden,WARDEN,Non Academic,10/29/2021,7/9/2021,39572
103812528097,Alvina,Hopfner,Female,8149609337,ahopfner4m@msu.edu,056 Maywood Road,B.sc,Girls Warden,WARDEN,Non Academic,3/5/2022,3/26/2022,21778
103931684727,Flori,Clair,Female,4173484529,fclair4n@list-manB.Tech-AGe.com,432 Arkansas Pass,B.sc,Girls Warden,WARDEN,Non Academic,4/26/2022,9/18/2021,48756
100203581689,Alfy,Gyngell,Male,7107774605,B.Tech-AGyngell4i@cpanel.net,3 Pond Trail,B.sc,Boys Warden,WARDEN,Non Academic,2/21/2022,11/6/2021,26411
108175931755,Cherida,de Amaya,Male,6369789697,cdeamaya4o@ocn.ne.jp,08806 Red Cloud Circle,B.sc,Girls Warden,WARDEN,Non Academic,8/15/2021,8/18/2021,25183
